P/S, n, m, Smax, Emax, p2, p2, q4,q3, q2, q1, q0, SS rmse, PR rmse
0,5,0,81.89658422,0.149489536,-3039.817351,1014.130418,0.111071041,-0.189437777,0.095114316,-0.05374556,0.028823161,0.367767287,0.000461933
0,5,1,91.32830007,0.161218715,-2697.827403,1002.241695,-0.077740532,0.218878898,-0.196950092,0.020915042,0.053448929,0.441401961,8.25E-05
0,5,2,93.07992023,0.168808183,-2519.867478,975.2900722,-0.00535495,0.123398425,-0.181862371,0.030899568,0.097534109,0.451910559,0.00036011
0,5,3,97.42508971,0.187206896,-2178.996485,935.0301326,-0.037108608,0.16608808,-0.217711173,0.023290781,0.147500259,0.471621172,0.00010257
0,5,4,104.4823544,0.200775946,-1985.693062,914.1703072,-0.023079512,0.168707425,-0.26082216,0.032829743,0.173998078,0.559132425,0.000174716
0,5,5,105.1478783,0.213195076,-1948.091747,904.4644678,-0.070510934,0.29149184,-0.358849877,0.038308092,0.187212091,0.540052142,0.000183694
0,6,0,85.32273563,0.145119842,-3115.18017,1045.855626,-0.033122917,0.141938055,-0.159465405,0.005639511,0.040615949,0.273199983,9.13E-05
0,6,1,90.96547747,0.150179487,-2863.639713,1032.586918,-0.129297012,0.282093339,-0.218381418,0.008340105,0.065124498,0.27763091,0.000370632
0,6,2,92.03636901,0.157768956,-2664.735432,1002.819772,-0.067877423,0.218811467,-0.218833039,0.013944751,0.103354568,0.298969862,6.20E-05
0,6,3,95.77643728,0.170878039,-2377.737884,964.4531135,-0.016017653,0.140676558,-0.215789225,0.027935909,0.13939703,0.378240681,0.000175118
0,6,4,99.11358146,0.177777556,-2127.465961,932.6341276,-0.047024917,0.203121441,-0.257602415,0.026074264,0.170233116,0.351923802,0.000140535
0,6,5,105.377903,0.199396042,-1969.251793,914.9714151,-0.062204256,0.247964649,-0.31179238,0.031286173,0.184602212,0.41819971,0.0001332
0,6,6,105.5177572,0.206525543,-1955.723637,907.4902923,-0.112887516,0.386516002,-0.426265335,0.04460777,0.197635277,0.427599035,0.000200033
0,7,0,87.83238024,0.145579809,-3174.381006,1066.645838,-0.146016103,0.373534544,-0.30261003,0.021543769,0.052141924,0.241879637,0.000128275
0,7,1,90.69606835,0.152019359,-2948.456967,1052.307428,-0.169766872,0.440640242,-0.357656467,0.030842558,0.068945569,0.250149331,0.000141087
0,7,2,91.52711187,0.154549182,-2735.813353,1021.686905,-0.083014409,0.268944573,-0.269643289,0.027448944,0.097065077,0.239823951,0.000132746
0,7,3,95.30107759,0.164898457,-2510.973933,986.906382,-0.098275215,0.311278849,-0.313071221,0.03244301,0.133786588,0.2674961,0.000129787
0,7,4,98.86765994,0.177777556,-2244.10543,951.8315085,-0.064081981,0.241842448,-0.281184894,0.031939389,0.154990779,0.263930769,0.000185798
0,7,5,103.1647913,0.188356815,-2059.211776,926.5304085,-0.10841587,0.36014598,-0.399667087,0.062382911,0.178275243,0.308173643,0.000380775
0,7,6,106.1920389,0.198246123,-1950.344876,911.3348439,-0.115849532,0.38761739,-0.422905061,0.053673733,0.190799513,0.343709157,0.000266611
0,7,7,107.0269287,0.209745318,-1930.176634,908.1251805,-0.132665128,0.422752712,-0.446326911,0.046170917,0.198770835,0.332983402,0.000230713
0,8,0,86.82634983,0.144659874,-3181.229154,1074.706919,-0.208261076,0.531832099,-0.427430305,0.042998338,0.062053437,0.223559889,0.00024039
0,8,1,91.45818538,0.149949504,-2942.499221,1057.2532,-0.135874167,0.375450179,-0.325062011,0.023345624,0.075412908,0.241005902,9.51E-05
0,8,2,90.75974046,0.148339616,-2818.726421,1033.411485,-0.155238192,0.421185744,-0.364393855,0.031932757,0.102810536,0.218344385,0.000157067
0,8,3,94.94939198,0.16328857,-2576.458834,1001.515842,-0.044510641,0.236532892,-0.286633515,0.031841013,0.122822208,0.215904987,0.000252351
0,8,4,96.47030092,0.165358425,-2382.209129,964.6230479,-0.102034541,0.313511181,-0.315240814,0.029946389,0.151446673,0.2213551,0.000101028
0,8,5,100.4013677,0.179157459,-2164.487927,942.7209057,-0.041074747,0.206844843,-0.278370059,0.031789644,0.171445967,0.226856458,0.000209906
0,8,6,104.1674809,0.192036557,-2023.053042,924.9238739,-0.063442616,0.265113674,-0.330586421,0.037177743,0.185429917,0.283655288,0.000172202
0,8,7,106.8792583,0.201465897,-1933.920676,914.6626182,-0.087110192,0.330185831,-0.389546886,0.044319032,0.19597878,0.292177478,0.000203924
0,8,8,107.286072,0.206295559,-1929.916359,901.1613117,-0.150560595,0.467619572,-0.485714983,0.056939257,0.198759494,0.287965831,0.000308488
0,9,0,89.08565467,0.143969922,-3173.897107,1079.37017,-0.215970296,0.54694506,-0.431142505,0.029409795,0.073838362,0.195426029,0.000217431
0,9,1,92.05369788,0.146729729,-2952.735241,1060.24209,-0.164004319,0.439365067,-0.369318406,0.028619202,0.076898155,0.256235023,9.65E-05
0,9,2,92.47389531,0.149489536,-2864.726256,1045.25319,-0.125836833,0.366862962,-0.343819657,0.026564197,0.105058386,0.204655135,0.000691104
0,9,3,92.72639926,0.152939294,-2698.876919,1013.896285,-0.131983234,0.386803882,-0.358435366,0.034638975,0.121877554,0.200543737,0.000153473
0,9,4,96.01703838,0.166508344,-2466.107851,987.3793156,-0.16858869,0.467843943,-0.42294857,0.047918449,0.146804546,0.186343258,0.000252178
0,9,5,99.22814341,0.173407861,-2272.224246,959.9442962,-0.112644363,0.353761564,-0.360168233,0.036599422,0.168116646,0.19461981,0.000160361
0,9,6,102.5319212,0.18628696,-2110.611559,938.8146606,-0.108313458,0.354965878,-0.37925696,0.040085655,0.184038049,0.227273687,0.000169063
0,9,7,104.4644467,0.191116622,-2006.932385,924.4473964,-0.054564026,0.267000382,-0.35311877,0.043775605,0.193110925,0.250336793,0.000278438
0,9,8,106.6869524,0.199396042,-1935.827063,916.1763036,-0.073802998,0.309543586,-0.383780215,0.044985308,0.198324002,0.282555929,0.000224141
0,9,9,107.790784,0.211815173,-1927.573335,912.2668438,-0.162669685,0.500680523,-0.510528922,0.055672053,0.204519429,0.320687412,0.000256869
0,10,0,88.36060817,0.139370244,-3141.736196,1077.433103,-0.259358733,0.623759722,-0.462063899,0.014832916,0.088756029,0.252152933,0.000327492
0,10,1,91.81385708,0.144889858,-2972.274974,1060.727516,-0.234157155,0.561371825,-0.407390891,0.001933702,0.088935233,0.297245479,0.000391041
0,10,2,92.16850602,0.149259552,-2880.739819,1047.258429,-0.183375385,0.502521659,-0.435060043,0.044364271,0.098596669,0.259928962,0.000196903
0,10,3,92.71657646,0.149949504,-2745.506549,1028.684393,-0.161813395,0.437378763,-0.370845576,0.023629708,0.118663062,0.185399061,7.83E-05
0,10,4,94.90717882,0.159378843,-2543.076463,998.7877377,-0.114887813,0.354797952,-0.345806147,0.029498209,0.142776456,0.171488556,0.00012364
0,10,5,97.13344479,0.166508344,-2362.202856,972.7557265,-0.140721855,0.4007495,-0.374037225,0.031381108,0.162515632,0.159148454,0.000158112
0,10,6,100.173273,0.177777556,-2202.407681,951.7378608,-0.147698995,0.440000077,-0.426833316,0.043590579,0.180504489,0.174824471,0.000208595
0,10,7,102.7597308,0.18628696,-2068.068616,933.7598065,-0.101586468,0.352638451,-0.39227004,0.0445164,0.191167736,0.201197028,0.000217874
0,10,8,104.8594466,0.190196686,-1988.858303,919.047001,-0.084604733,0.332407998,-0.394476117,0.046504828,0.197400201,0.229722136,0.000222891
0,10,9,106.927393,0.198706091,-1929.024685,915.8087579,-0.125385657,0.416689158,-0.45268279,0.054149047,0.203304873,0.238848336,0.000265689
0,10,10,107.9958243,0.208595398,-1919.763205,903.6458077,-0.13064046,0.449857791,-0.493316926,0.059803404,0.20190761,0.250594809,0.000320556
0,11,0,89.25458386,0.140520164,-3117.929322,1076.776785,-0.228985394,0.588809736,-0.472186467,0.035720924,0.083000423,0.272677827,0.000224047
0,11,1,92.36267705,0.146499745,-2994.342429,1068.507325,-0.207363026,0.536022365,-0.433930456,0.0326967,0.083130273,0.265908545,0.000121487
0,11,2,91.60364834,0.144659874,-2886.164189,1052.786835,-0.206210829,0.542673981,-0.44531157,0.034506448,0.100698293,0.252341614,0.000161223
0,11,3,92.70369166,0.150869439,-2755.003411,1032.920027,-0.148726902,0.409216077,-0.355214508,0.019409265,0.117393102,0.244701971,0.0001539
0,11,4,94.795041,0.158228924,-2605.445681,1010.465567,-0.160417474,0.447988292,-0.399207227,0.032896799,0.138094235,0.186896616,0.000173777
0,11,5,95.93519164,0.16213865,-2431.638632,984.0974284,-0.13379447,0.394416094,-0.3716149,0.028679457,0.156779522,0.162063388,0.000124068
0,11,6,97.85579409,0.170188087,-2284.65488,961.9547458,-0.102539706,0.3457893,-0.365818006,0.040641732,0.167374289,0.147700245,0.000208156
0,11,7,101.5210462,0.181687282,-2138.001759,943.5123616,-0.100535029,0.343242554,-0.375918817,0.043385226,0.180813964,0.153137265,0.000226297
0,11,8,103.3712878,0.18628696,-2043.50094,930.2516674,-0.075768436,0.301880188,-0.364158352,0.043174025,0.190605808,0.193343926,0.000236676
0,11,9,105.9579313,0.19456638,-1965.993735,921.0248164,-0.106145278,0.379185391,-0.428029567,0.051764596,0.198968788,0.226743883,0.000282616
0,11,10,106.9806267,0.200315978,-1921.019496,914.7888061,-0.119205732,0.389730748,-0.425195314,0.043991668,0.204435259,0.219323213,0.000217737
0,11,11,107.5325552,0.207675463,-1925.254529,913.1257097,-0.140830638,0.445077564,-0.465519971,0.047034993,0.203978558,0.255928941,0.000240162
0,12,0,90.53598556,0.142590019,-3123.697666,1080.305463,-0.21506945,0.564255411,-0.461107459,0.034968941,0.08327919,0.257510638,0.000144815
0,12,1,92.34133273,0.14442989,-2978.227733,1069.193311,-0.21149766,0.551975821,-0.450021261,0.033210456,0.087794093,0.305407701,0.000202776
0,12,2,92.66901995,0.148339616,-2913.546123,1056.397411,-0.225492367,0.596403445,-0.491593805,0.041700659,0.101361609,0.294346922,0.000159862
0,12,3,92.22429572,0.148339616,-2809.884988,1037.621979,-0.17783233,0.479699958,-0.407233104,0.029552796,0.114050007,0.230721777,0.0001647
0,12,4,92.62229539,0.149029568,-2656.957982,1012.51704,-0.154741242,0.441551914,-0.396891858,0.032621075,0.133164325,0.210080278,0.000109047
0,12,5,95.20244287,0.159608827,-2499.447346,992.1864247,-0.118001055,0.355767232,-0.342694958,0.029149419,0.142728915,0.173168893,0.000111312
0,12,6,96.71632247,0.165358425,-2353.470323,969.9276227,-0.133694228,0.397491911,-0.382751409,0.035403345,0.163982169,0.147242001,0.00014267
0,12,7,98.91331284,0.170878039,-2220.097184,955.4320324,-0.118185909,0.38178407,-0.396142732,0.045728991,0.177702541,0.133208096,0.000244142
0,12,8,101.700052,0.181457298,-2108.140181,940.0432938,-0.126676562,0.412782034,-0.431460845,0.050978733,0.189950701,0.158267517,0.000240944
0,12,9,103.2407117,0.182607217,-2020.519291,924.5924205,-0.122451271,0.387857454,-0.411351946,0.0512535,0.193191548,0.18309601,0.000315031
0,12,10,104.5852931,0.188356815,-1966.117825,920.8829979,-0.183186671,0.523732881,-0.499467771,0.050839555,0.208298608,0.198664935,0.000286188
0,12,11,107.4041407,0.200775946,-1932.571894,918.3379043,-0.084809006,0.332027343,-0.404760125,0.057237517,0.193173916,0.250441936,0.000303551
0,12,12,107.4907599,0.205835592,-1922.024558,912.528338,-0.131436884,0.440549272,-0.480407862,0.056614782,0.205643669,0.227688393,0.00032128
0,13,0,88.26241339,0.134080614,-3081.02587,1075.997531,-0.208432849,0.562263622,-0.470688111,0.040542671,0.087698698,0.274125708,0.000140818
0,13,1,92.00812492,0.142820003,-3003.048613,1070.354171,-0.210496192,0.545223112,-0.438724969,0.027081597,0.088203463,0.281183719,0.000175205
0,13,2,92.56027586,0.145349826,-2915.121679,1058.145278,-0.2242057,0.577530819,-0.463983044,0.030878528,0.101888773,0.292367403,0.000187228
0,13,3,92.69997471,0.1485696,-2813.796834,1041.058349,-0.213734993,0.560627907,-0.463747069,0.038901663,0.112253196,0.269427674,0.000184888
0,13,4,93.66749701,0.150409471,-2690.566286,1020.877219,-0.184578428,0.497478254,-0.426003945,0.035628338,0.127051103,0.227023209,0.000185248
0,13,5,94.59276259,0.155469117,-2563.287055,1003.582489,-0.175739528,0.481020894,-0.419984029,0.03490945,0.145241843,0.160888437,0.000156612
0,13,6,96.50767231,0.161908666,-2422.028564,981.4684219,-0.168696323,0.462601398,-0.409948543,0.030322232,0.161727379,0.143078142,0.000195528
0,13,7,98.17072778,0.166968312,-2304.985343,962.4854442,-0.103974317,0.359946631,-0.3879627,0.046347828,0.171841804,0.120723072,0.000271564
0,13,8,100.7849848,0.178237523,-2172.235001,949.2490069,-0.128881697,0.404450914,-0.412780407,0.044372896,0.182507341,0.134897965,0.00021905
0,13,9,102.875098,0.18513704,-2071.327228,935.3584571,-0.180147408,0.522613108,-0.498068312,0.053735898,0.195931109,0.14189855,0.00029365
0,13,10,103.5326326,0.183987121,-2011.063773,925.8224812,-0.100045602,0.356489233,-0.400658763,0.045943654,0.197672175,0.176032794,0.000191755
0,13,11,105.8198824,0.194336396,-1947.774688,918.7986868,-0.086850015,0.335751626,-0.39949695,0.04640685,0.201181486,0.169716401,0.000263971
0,13,12,107.4734015,0.201235913,-1916.109777,913.2804919,-0.145799864,0.473874501,-0.497519743,0.054526446,0.209225818,0.201479494,0.000236824
0,13,13,107.931366,0.207675463,-1918.476093,912.5262349,-0.154016555,0.493173193,-0.510924571,0.053142535,0.209545194,0.237789068,0.000234444
0,14,0,89.93209856,0.139600228,-3088.897591,1077.960908,-0.193883451,0.517577504,-0.428718943,0.02599817,0.087144374,0.318459166,0.000121955
0,14,1,92.16918682,0.142360035,-2972.934899,1067.264615,-0.244141454,0.619695984,-0.48688569,0.029333791,0.093331151,0.335461639,0.000219676
0,14,2,92.3439068,0.144199906,-2922.678405,1058.559831,-0.200592447,0.540715003,-0.452356637,0.030878886,0.102029615,0.318261363,0.00011421
0,14,3,92.43448459,0.146499745,-2836.648277,1047.276328,-0.233087076,0.59793404,-0.482940848,0.035866785,0.114813002,0.273016998,0.000187713
0,14,4,93.46880201,0.14971952,-2732.472623,1025.275508,-0.196773091,0.518815416,-0.432587906,0.031109223,0.125253001,0.238898151,0.000161894
0,14,5,94.62863567,0.156389053,-2599.430438,1008.328759,-0.178645389,0.488722909,-0.42301961,0.030872648,0.140433734,0.202182141,0.0001322
0,14,6,95.2180841,0.159378843,-2481.472208,988.9981982,-0.156381238,0.440136551,-0.399022698,0.033037207,0.153506879,0.150972586,0.000157795
0,14,7,97.16341537,0.16742828,-2345.928863,972.1475693,-0.113737917,0.358289951,-0.36210326,0.031099547,0.167354948,0.130324265,0.000117659
0,14,8,98.81974316,0.170878039,-2231.884971,956.8459823,-0.059483569,0.282597408,-0.342153231,0.029804559,0.18029565,0.118777051,0.000216102
0,14,9,100.9110966,0.177087604,-2140.21966,944.1658134,-0.054955577,0.25678043,-0.334473176,0.046496887,0.179345095,0.137592113,0.000266502
0,14,10,102.5826971,0.18214725,-2058.121419,933.9212164,-0.132609345,0.427478479,-0.449171557,0.05717212,0.194126465,0.153300347,0.000294415
0,14,11,104.2646766,0.187896847,-1991.279808,924.9759843,-0.06857799,0.298142083,-0.378121253,0.052113299,0.194696772,0.164968985,0.000326436
0,14,12,106.3706461,0.196176268,-1940.431171,915.6069734,-0.109569142,0.39069864,-0.440193751,0.052650856,0.201792148,0.176744405,0.000277274
0,14,13,107.4961762,0.201235913,-1915.083777,914.1881061,-0.12963291,0.429548514,-0.463970249,0.052795844,0.204783024,0.19600234,0.000260345
0,14,14,107.9878742,0.207675463,-1914.138936,912.1844773,-0.111689448,0.401638394,-0.456272384,0.053225012,0.203563208,0.216757787,0.000262231
0,15,0,89.70406615,0.136610437,-3118.657377,1075.451669,-0.239933518,0.620074253,-0.497530626,0.034927701,0.091940762,0.30985809,0.000149693
0,15,1,92.0216185,0.142820003,-2989.24273,1072.68459,-0.247730795,0.63749413,-0.507626628,0.034251824,0.096633818,0.31836941,0.000180557
0,15,2,91.81326573,0.14327997,-2919.349146,1059.632143,-0.220279332,0.57004872,-0.459710531,0.030204915,0.09874194,0.323840712,0.000223054
0,15,3,91.99310704,0.146039777,-2856.549437,1050.686084,-0.197351381,0.538181183,-0.458514428,0.036712169,0.111405577,0.290607156,0.000139918
0,15,4,93.05629663,0.148799584,-2758.691387,1032.368664,-0.175985114,0.485715672,-0.422711472,0.033044528,0.121958436,0.25954912,0.000162136
0,15,5,93.36748126,0.14971952,-2665.298877,1013.286235,-0.172827603,0.482462271,-0.423315126,0.031447525,0.138595785,0.202043268,0.000143684
0,15,6,94.54709441,0.157538972,-2530.105521,998.4346161,-0.181078879,0.494857786,-0.435871207,0.038040728,0.150543505,0.176138989,0.000191356
0,15,7,96.93334716,0.163748538,-2409.991124,982.362236,-0.121402201,0.3498529,-0.333861426,0.018384385,0.160280267,0.132293988,0.000256845
0,15,8,98.20097193,0.169498135,-2297.793171,967.5545684,-0.112823452,0.36806466,-0.384837266,0.044008337,0.169817591,0.110534633,0.000270347
0,15,9,99.45084704,0.170648055,-2182.59111,944.7187399,-0.133442993,0.405707659,-0.402966399,0.038963429,0.183269972,0.105718666,0.000172276
0,15,10,102.0109206,0.181687282,-2099.014682,938.9860054,-0.097624583,0.353078767,-0.397105783,0.044086966,0.192074367,0.114239565,0.000199649
0,15,11,103.4151744,0.185367024,-2029.180741,929.5948893,-0.115108047,0.39363782,-0.428952747,0.049800597,0.197642014,0.140620544,0.00024318
0,15,12,104.5387136,0.188356815,-1980.028822,922.3916554,-0.081738731,0.324736195,-0.387840512,0.043719513,0.199800569,0.155954859,0.000235292
0,15,13,106.4368606,0.1957163,-1941.64712,917.062555,-0.122352682,0.414886988,-0.453801338,0.052517811,0.204436385,0.18597499,0.000249463
0,15,14,108.0207032,0.203305769,-1909.431648,912.8053011,-0.117538769,0.41239596,-0.460395552,0.055240547,0.202701204,0.196978256,0.000303316
0,16,0,90.0792553,0.135920486,-3090.043668,1067.332053,-0.225395717,0.593800169,-0.484293081,0.035920286,0.088358798,0.308276174,0.000130481
0,16,1,91.28011188,0.139600228,-2975.015641,1071.687907,-0.229896972,0.603154944,-0.493051488,0.034497024,0.097735101,0.342371066,0.000185034
0,16,2,92.4073317,0.14327997,-2934.873951,1060.899747,-0.223217404,0.597811556,-0.498134383,0.041815321,0.100001687,0.324407194,0.000179143
0,16,3,92.14673765,0.145119842,-2852.65715,1049.872832,-0.22942768,0.608777794,-0.502448488,0.039258056,0.112527333,0.314748205,0.00019577
0,16,4,92.02965298,0.145119842,-2786.797802,1034.946964,-0.205192048,0.546121187,-0.453979923,0.030559172,0.122088031,0.267655419,0.000138567
0,16,5,93.82341666,0.152479326,-2659.031667,1017.334209,-0.18504597,0.500840493,-0.427820254,0.029165393,0.13325475,0.2692292,0.000180553
0,16,6,94.90604751,0.156619037,-2576.297697,1002.723351,-0.205192844,0.548981357,-0.469387459,0.043550644,0.143382333,0.192495475,0.000239246
0,16,7,96.05706994,0.159378843,-2442.721146,984.1025233,-0.209425618,0.544277642,-0.467771506,0.04688583,0.157421273,0.163887029,0.000331728
0,16,8,96.21351972,0.160068795,-2349.741256,974.0305031,-0.104298249,0.341565044,-0.351399435,0.027743228,0.171163321,0.114506056,0.000103676
0,16,9,99.10449689,0.170188087,-2243.108664,958.2422241,-0.117080287,0.379896876,-0.389705924,0.036558818,0.179039207,0.099177346,0.000145314
0,16,10,100.4868043,0.175477717,-2151.080785,945.4718493,-0.111361423,0.375185788,-0.402315068,0.046490754,0.184618765,0.109429275,0.00024264
0,16,11,101.5890647,0.177547572,-2080.23027,935.5160092,-0.112183836,0.375566233,-0.404099813,0.043304022,0.195476213,0.116854752,0.000210386
0,16,12,103.9774587,0.187206896,-2015.119535,926.12725,-0.124810477,0.411188929,-0.435323636,0.046786668,0.198284742,0.149685722,0.000202556
0,16,13,105.3487069,0.189276751,-1970.25712,916.4064425,-0.107243985,0.383702249,-0.431581343,0.051543149,0.200450047,0.156600176,0.000252465
0,17,0,90.33887241,0.13914026,-3076.669143,1075.004903,-0.246692754,0.639646146,-0.514393111,0.037653303,0.093150924,0.343181276,0.000175786
0,17,1,91.03558932,0.139600228,-2963.782313,1070.885634,-0.231532748,0.614562126,-0.508411778,0.04257259,0.095607294,0.346853078,0.000176707
0,17,2,91.57607075,0.140750147,-2947.271483,1061.471199,-0.229232415,0.597761869,-0.482752564,0.031904068,0.099666128,0.316512721,0.000165326
0,17,3,92.66235476,0.145349826,-2876.525641,1052.847307,-0.212500779,0.564056582,-0.465854533,0.032407352,0.107395752,0.31749127,0.000149843
0,17,4,92.9866939,0.147649665,-2800.589003,1041.624339,-0.164899195,0.469199242,-0.416015633,0.037092723,0.111100904,0.276334206,0.000158419
0,17,5,93.20657677,0.149489536,-2684.935756,1020.621123,-0.176744255,0.455201202,-0.371216917,0.009877793,0.128559286,0.285915892,0.000190352
0,17,6,94.55757799,0.155469117,-2604.944555,1009.744026,-0.161141103,0.451230606,-0.395572804,0.021747714,0.142546873,0.203212752,0.000105701
0,17,7,95.37973513,0.157538972,-2483.392481,990.5723361,-0.157118743,0.455931807,-0.4179491,0.034260898,0.154788624,0.194458456,0.0001532
0,17,8,96.74793057,0.16328857,-2395.67652,978.9152772,-0.142193886,0.427442254,-0.413960104,0.044089929,0.162036266,0.126632881,0.000204749
0,17,9,98.9212732,0.169498135,-2292.756145,964.092786,-0.113498722,0.37473597,-0.389640741,0.040489247,0.17161013,0.113550654,0.000179584
0,17,10,99.01278589,0.169038167,-2198.270812,949.7745053,-0.082941232,0.299636931,-0.339483284,0.035119634,0.178992644,0.091989268,0.000151425
0,17,11,101.3726819,0.178237523,-2122.059731,940.3300083,-0.116013083,0.382181924,-0.405787092,0.043071398,0.189930264,0.098323991,0.000203784
0,17,12,101.7630575,0.177317588,-2060.867278,931.585687,-0.100736968,0.353204549,-0.394847049,0.046549741,0.193409355,0.124861818,0.000231045
0,18,0,90.37641425,0.139830212,-3047.389924,1075.87121,-0.267344493,0.691633136,-0.553834288,0.041889412,0.09827522,0.350108989,0.000166943
0,18,1,91.80354169,0.141670083,-2991.790195,1069.321454,-0.242151053,0.632462137,-0.508892411,0.034053248,0.095090297,0.342026453,0.000141236
0,18,2,91.47591069,0.140060196,-2933.736522,1059.304673,-0.239421641,0.613287908,-0.490260976,0.033371848,0.099478234,0.349133118,0.000197357
0,18,3,91.95888627,0.142360035,-2852.918686,1051.385343,-0.253829918,0.63805634,-0.498614013,0.029438708,0.110738386,0.359350817,0.000293429
0,18,4,92.33239046,0.145119842,-2812.180393,1041.45436,-0.183715863,0.519350723,-0.464727321,0.0497663,0.114985166,0.290308094,0.000249095
0,18,5,93.00905424,0.147189697,-2730.877594,1028.905563,-0.174640074,0.48411524,-0.421179835,0.030840361,0.126774705,0.260220725,0.000128307
0,18,6,92.18005441,0.146039777,-2630.515723,1011.187168,-0.192959191,0.522759557,-0.449737147,0.036096493,0.141697477,0.248833461,0.000155949
0,18,7,95.15372708,0.157538972,-2525.924882,997.9029823,-0.170964941,0.474503819,-0.417871389,0.02745345,0.151553639,0.213766158,0.000113525
0,18,8,96.15870703,0.160528763,-2442.873283,983.9422875,-0.167479212,0.471858608,-0.42966131,0.041449025,0.157276045,0.146947229,0.000210065
0,18,9,97.05295117,0.164668473,-2341.386299,970.038069,-0.142857641,0.426750021,-0.411496502,0.040817653,0.16891109,0.12299719,0.000179278
0,18,10,98.26103986,0.166738328,-2251.762851,956.7165048,-0.110628132,0.361236101,-0.378372507,0.040520705,0.175482329,0.10482735,0.000188196
0,18,11,99.66867048,0.17271791,-2161.838069,945.3670371,-0.123404189,0.380913275,-0.386420472,0.037285297,0.182794079,0.093247493,0.000180304
0,19,0,91.10810409,0.140060196,-3047.773572,1076.782714,-0.233228461,0.616016257,-0.50484458,0.039405859,0.092843163,0.348612591,0.000149707
0,19,1,92.07720512,0.140980131,-2952.768536,1066.678454,-0.266993067,0.676990412,-0.531013146,0.034320134,0.097919091,0.38959994,0.000241308
0,19,2,91.90978649,0.141670083,-2949.345645,1064.818251,-0.230889357,0.587186791,-0.465960165,0.029172401,0.094794382,0.342721628,0.000243929
0,19,3,92.22113652,0.142590019,-2874.799753,1052.864424,-0.249371706,0.662211409,-0.547710461,0.046165336,0.112065401,0.350534431,0.000248521
0,19,4,93.01495648,0.146959713,-2820.122027,1044.394397,-0.217665914,0.569678325,-0.472186283,0.0357473,0.115273219,0.316620553,0.000211331
0,19,5,92.19158726,0.144889858,-2744.706919,1030.545796,-0.193760046,0.529134308,-0.455797258,0.038605385,0.124637187,0.281314666,0.000160277
0,19,6,93.26178523,0.149489536,-2657.085585,1018.984536,-0.207268834,0.548941882,-0.458822692,0.032712323,0.136897249,0.237142869,0.00021579
0,19,7,94.42950598,0.15270931,-2570.546228,1005.281805,-0.178702847,0.494249461,-0.43278469,0.031436449,0.148336636,0.200502418,0.000109868
0,19,8,94.57027023,0.154319198,-2465.020707,990.2480342,-0.126655632,0.389799465,-0.379065424,0.035401737,0.153579487,0.173816761,0.000141386
0,19,9,96.36264071,0.160068795,-2381.63021,976.2316838,-0.129842777,0.394848246,-0.384078243,0.033488008,0.164022469,0.132227802,0.000121855
0,19,10,98.04503544,0.166968312,-2293.645408,962.0436675,-0.122976197,0.386314421,-0.389471884,0.038195929,0.171648339,0.114360628,0.000169369
0,20,0,90.65100391,0.138220325,-3078.863285,1070.913847,-0.22446364,0.589113879,-0.480341023,0.037230672,0.087498457,0.368634709,0.000177774
0,20,1,91.45513949,0.138220325,-2947.90809,1064.570669,-0.188253594,0.521811524,-0.447644896,0.036776673,0.089428537,0.390180168,0.000186376
0,20,2,91.41049845,0.139600228,-2930.729748,1061.326904,-0.216419941,0.588103573,-0.497801166,0.042058159,0.100426064,0.368654106,0.000178044
0,20,3,92.16039758,0.142590019,-2895.097107,1056.518882,-0.261227346,0.67577991,-0.54229402,0.043401281,0.107975622,0.331043919,0.000169673
0,20,4,91.75762936,0.142130051,-2842.990847,1041.63007,-0.238623856,0.629612736,-0.520604541,0.046465884,0.113873719,0.316738374,0.000203203
0,20,5,92.83358023,0.146729729,-2788.366361,1032.331348,-0.201795929,0.539207628,-0.453814047,0.035589648,0.119319682,0.295834703,0.000178079
0,20,6,93.26709744,0.150179487,-2680.85964,1022.046913,-0.224598569,0.596992596,-0.5004584,0.043288954,0.134539003,0.26764127,0.000177841
0,20,7,93.29444065,0.148799584,-2580.261727,1006.670754,-0.164895679,0.472007813,-0.425200029,0.038236801,0.140993465,0.227064502,0.000136184
0,20,8,95.01541725,0.156389053,-2519.947116,991.4046817,-0.166885005,0.468041176,-0.418653695,0.035304261,0.148764267,0.192808384,0.000143933
0,21,0,90.48988316,0.139370244,-3033.276157,1075.44263,-0.224788779,0.642920874,-0.564794376,0.060026704,0.099452447,0.368022692,0.000430472
0,21,1,92.10096516,0.141210115,-2970.021285,1067.5841,-0.226984329,0.583781719,-0.462704441,0.023629281,0.093219977,0.3752701,0.000168958
0,21,2,92.47273402,0.14327997,-2946.904219,1063.43825,-0.228927997,0.611653295,-0.50760572,0.041756255,0.097862141,0.368032185,0.000170128
0,21,3,91.26590459,0.140060196,-2898.444666,1055.289996,-0.267382864,0.672191541,-0.53173696,0.04028743,0.108079938,0.354472583,0.000265857
0,21,4,92.38795043,0.144199906,-2843.715473,1048.586351,-0.23307833,0.606435109,-0.491724036,0.034175531,0.113180781,0.318895782,0.000155983
0,21,5,92.53853798,0.144659874,-2763.179406,1033.473263,-0.197292954,0.529346866,-0.446741273,0.032896338,0.12019478,0.325087167,0.000135245
0,21,6,93.20805186,0.1485696,-2709.563743,1022.780006,-0.173767697,0.480876804,-0.417776652,0.028025634,0.129187108,0.278841216,0.000150981
0,21,7,93.03973514,0.148799584,-2633.910386,1011.071073,-0.165573109,0.471448858,-0.42374565,0.03753517,0.137234494,0.24400577,0.000135018
0,22,0,90.38992334,0.135920486,-3054.224769,1070.019338,-0.252425103,0.643499949,-0.508086011,0.031292456,0.094509885,0.338413629,0.000193161
0,22,1,91.75517831,0.14029018,-2961.919235,1066.526595,-0.231372256,0.600905787,-0.482729877,0.026656505,0.096916236,0.393532109,0.000220388
0,22,2,90.86711064,0.13914026,-2921.839895,1063.852867,-0.25187914,0.656108951,-0.533281538,0.041219585,0.103435777,0.382066206,0.000206715
0,22,3,91.98951783,0.141210115,-2890.092534,1055.194763,-0.255731747,0.653861305,-0.520370609,0.038417111,0.104066115,0.364810607,0.000228381
0,22,4,91.40280924,0.139370244,-2837.48256,1046.296038,-0.202517849,0.54370046,-0.456322862,0.03175294,0.112341256,0.332881149,0.000148422
0,22,5,92.15140622,0.143739938,-2787.091549,1038.271498,-0.196930249,0.533458002,-0.451963787,0.032424942,0.119646402,0.311954468,0.000123115
0,22,6,92.8511071,0.147879648,-2718.488404,1027.167863,-0.212073009,0.566259244,-0.476730031,0.038467535,0.127407155,0.301568536,0.000163764
0,23,0,90.93466309,0.139370244,-3034.234616,1071.329487,-0.266548272,0.678460196,-0.539335192,0.038710299,0.097427906,0.387562899,0.000228201
0,23,1,91.89242167,0.140750147,-2963.479607,1068.056134,-0.238402354,0.623305947,-0.502721577,0.029980563,0.09872257,0.396036223,0.000179676
0,23,2,92.24479879,0.142130051,-2945.524042,1063.965677,-0.239936671,0.626374773,-0.509567484,0.03788295,0.099218103,0.386569518,0.000164778
0,23,3,92.02642235,0.140980131,-2924.169591,1055.077033,-0.264358574,0.668411304,-0.525593504,0.036975764,0.102176718,0.344270729,0.000224267
0,23,4,92.144088,0.142130051,-2841.284432,1050.212451,-0.204711156,0.559145825,-0.476062608,0.039146728,0.109124885,0.358629351,0.000138463
0,24,0,90.7053478,0.138450308,-3020.284971,1071.426562,-0.239386478,0.631358908,-0.520132707,0.041927593,0.097311781,0.387800565,0.000158478
0,24,1,91.28945566,0.138220325,-2953.117098,1066.213468,-0.236365276,0.620372669,-0.505213342,0.033551224,0.09945724,0.40497384,0.000146604
0,24,2,91.67845192,0.138910276,-2934.120186,1062.823228,-0.253701529,0.644933159,-0.508761506,0.030589482,0.10103087,0.380252297,0.000221547
0,25,0,90.67004476,0.134770566,-3054.419701,1062.680757,-0.232936281,0.614025244,-0.506422454,0.043147394,0.090375747,0.363500545,0.000186573
0,25,1,91.85905879,0.139370244,-2956.785797,1066.168355,-0.251976659,0.650252378,-0.518558838,0.03344374,0.097261447,0.391229529,0.000176513
1,5,0,63.07847018,0.095704473,-3085.455076,967.3885767,-0.042292383,0.130413024,-0.134089798,0.016029861,0.053320739,0.341261798,0.000100163
1,5,1,68.94304591,0.112442631,-2732.255838,943.1602633,-0.072985293,0.191507023,-0.155804835,0.007171366,0.077955771,0.555631935,0.000163874
1,5,2,71.5125481,0.109877913,-2526.942455,929.8774007,0.089477379,-0.155420029,0.038996168,-0.00273829,0.111871221,0.478651578,0.000208513
1,5,3,72.91664892,0.110822809,-2306.269296,911.0284697,0.07174276,-0.102892933,-0.003372873,0.005661019,0.147004031,0.4153178,0.000139861
1,5,4,75.47242146,0.115277319,-2182.302564,905.1684931,0.09603371,-0.156135316,0.021769186,0.000467336,0.17554597,0.41281873,6.57E-05
1,5,5,62.56347346,0.096919339,-2785.68083,936.9446642,0.110762436,-0.252523784,0.110148405,-0.010504229,0.186037027,0.79022451,0.00010122
1,6,0,65.8952182,0.099889012,-3127.319756,995.6356084,0.077598098,-0.079229453,-0.054483546,0.044444245,0.036290915,0.414528489,0.000587343
1,6,1,67.75220456,0.100968893,-2811.634656,984.9502366,-0.084254183,0.244636146,-0.225771668,0.019446019,0.088435644,0.406328978,7.93E-05
1,6,2,70.89987192,0.102588715,-2614.866913,966.4675775,0.052069624,-0.041775718,-0.056397376,0.015062497,0.104616908,0.362867626,0.000231115
1,6,3,69.32941855,0.100023997,-2497.752454,949.5045017,-0.000699065,0.069469711,-0.127713661,0.019361547,0.15012351,0.360233409,0.000192644
1,6,4,72.29629403,0.105153433,-2265.979851,924.5886462,0.131907924,-0.221239536,0.051945114,0.003226139,0.167409321,0.347040923,0.000193568
1,6,5,67.34760587,0.101913789,-2266.812906,919.1735179,0.042293769,-0.083932307,0.002287796,0.000112796,0.184857764,0.435514511,6.78E-05
1,6,6,66.98554786,0.106773255,-2765.132786,945.1218025,0.160531998,-0.298712788,0.098137313,-0.017624584,0.198323797,0.621790812,0.000214377
1,7,0,65.95087194,0.095434502,-3082.332513,1014.577,-0.093851753,0.267135339,-0.245726659,0.024630924,0.074799474,0.376749273,0.00017509
1,7,1,70.77117185,0.098944116,-2793.419738,1002.163667,-0.04939864,0.178286801,-0.195813012,0.024219231,0.082561029,0.367838109,0.000207354
1,7,2,69.2558238,0.096784354,-2745.507695,996.5121517,-0.070832477,0.224701767,-0.227513627,0.026990917,0.113079311,0.299198294,0.000142973
1,7,3,70.79803547,0.097459279,-2492.675334,963.1264151,-0.024526988,0.105053411,-0.131970042,0.008945009,0.140446836,0.289203954,2.10E-05
1,7,4,71.79685972,0.103128656,-2346.469671,945.1574017,0.047496466,-0.05375411,-0.039529277,0.000438718,0.165860796,0.26233546,5.55E-05
1,7,5,72.38985106,0.103398626,-2167.429519,922.4879247,0.062415092,-0.09794826,-0.002085417,-0.005980725,0.183510353,0.259259228,5.23E-05
1,7,6,69.10841941,0.101778804,-2286.549537,924.1813185,0.045502063,-0.043004703,-0.067108753,0.023057545,0.187878474,0.494245697,0.000441145
1,7,7,69.53285151,0.104343522,-2560.752121,937.9469483,0.162750571,-0.243483037,0.010329647,0.010283579,0.209596206,0.396608591,0.000153875
1,8,0,68.14032606,0.091789903,-3019.072344,1026.477462,-0.065190762,0.212283293,-0.214989751,0.021856158,0.074308156,0.282885281,0.000121946
1,8,1,70.46057561,0.095569487,-2804.526488,1018.988545,-0.088442775,0.265932126,-0.252405712,0.024637336,0.089284373,0.286658896,8.96E-05
1,8,2,68.76317845,0.091114977,-2735.686077,1006.452669,-0.059056787,0.205563066,-0.218626193,0.024721378,0.112326552,0.258533486,0.000130391
1,8,3,69.15069275,0.09381468,-2548.919867,983.3559237,-0.023556953,0.103810774,-0.135144926,0.007912544,0.136757138,0.249795143,5.27E-05
1,8,4,70.68010576,0.097459279,-2345.614202,951.6650292,0.064329145,-0.053250969,-0.069021895,0.014041501,0.16037102,0.240807585,0.000219659
1,8,5,72.46690684,0.100563938,-2260.944884,938.7309563,0.009495605,0.017416361,-0.070932728,0.014166677,0.16658366,0.263101861,0.000217026
1,8,6,68.49236202,0.094084651,-2146.817675,923.7518791,-0.002126046,0.057069468,-0.115165156,0.011827176,0.201605609,0.223872816,0.000130191
1,8,7,67.89831804,0.09826919,-2378.001462,934.1913953,0.090923029,-0.167461096,0.031307001,0.001097544,0.192792772,0.376148569,9.87E-05
1,8,8,70.82896399,0.102048775,-2438.825413,933.5503899,0.149528178,-0.257074714,0.065421675,-0.011393397,0.204943145,0.271134114,0.000150664
1,9,0,68.41367588,0.090305066,-3045.673855,1044.722414,-0.092353375,0.283737979,-0.278239259,0.032794119,0.084271067,0.247903365,0.000174656
1,9,1,70.44071286,0.091924888,-2802.828541,1027.997033,-0.093618828,0.286443111,-0.281537338,0.033057645,0.093095854,0.264655088,0.00022274
1,9,2,69.58705592,0.091384948,-2699.389656,1015.431941,-0.001513413,0.064186394,-0.115890325,0.006602025,0.103522387,0.240362166,4.57E-05
1,9,3,70.515856,0.092734799,-2563.159753,992.7781773,-0.03201284,0.137887721,-0.171355919,0.018673797,0.12947132,0.220337029,9.86E-05
1,9,4,69.23476582,0.093004769,-2376.66275,965.8146963,0.115870066,-0.171302589,0.011656875,0.006681637,0.146734256,0.208520954,0.000281611
1,9,5,72.01671771,0.098674146,-2306.740519,952.3671509,0.043083521,-0.01295284,-0.091851809,0.020043783,0.170970646,0.209169011,0.000117331
1,9,6,70.01459929,0.095704473,-2195.391097,934.803443,0.064121098,-0.092540303,-0.016663413,0.00412748,0.184408498,0.193784569,2.73E-05
1,9,7,69.69661349,0.099754027,-2264.107226,931.9486624,0.100008497,-0.178994391,0.034227758,-0.002490423,0.194900069,0.29553064,6.08E-05
1,9,8,71.58749509,0.102318745,-2343.640714,932.2116346,0.096068774,-0.160174102,0.018724958,-0.006959971,0.201098074,0.279695192,0.000107546
1,9,9,68.8230189,0.100023997,-2382.997214,933.6852112,0.152721785,-0.259813305,0.061297776,-0.002525279,0.20664328,0.257755089,5.92E-05
1,10,0,68.0833564,0.088010319,-2984.949634,1047.185147,-0.091179624,0.296526413,-0.299764331,0.032434958,0.093287924,0.241845537,0.000138785
1,10,1,70.76438583,0.091249963,-2761.855138,1032.152258,-0.113315415,0.32661437,-0.303904014,0.033130847,0.094370556,0.253003472,0.000199154
1,10,2,69.58073902,0.089495156,-2638.185826,1014.639872,-0.036775751,0.140790424,-0.164411038,0.00775797,0.106307758,0.2351802,5.97E-05
1,10,3,70.23385091,0.091519933,-2607.303263,1006.164783,0.031639683,0.06461127,-0.200629983,0.069724921,0.117349053,0.206801681,0.000625333
1,10,4,70.58576086,0.093679695,-2462.915533,982.7853061,-0.006873565,0.079198597,-0.129564947,0.007883688,0.14836997,0.196102103,7.48E-05
1,10,5,69.60221787,0.093679695,-2352.88188,962.3546514,0.036775064,0.002041919,-0.102051119,0.017704814,0.167210407,0.175044046,0.00021163
1,10,6,71.81359695,0.09826919,-2269.630516,948.3299681,0.058665021,-0.066137415,-0.045317909,0.007691101,0.177598494,0.2104632,9.22E-05
1,10,7,71.27294485,0.097594265,-2194.761863,936.3189027,0.02691531,0.007867276,-0.099927689,0.017473281,0.196802536,0.217140766,0.000142974
1,10,8,69.11071348,0.096244413,-2338.657916,937.3262358,0.051482417,-0.065457823,-0.045832331,0.007533586,0.204148091,0.255122293,9.36E-05
1,10,9,81.00598727,0.118516963,-2023.922596,915.6508929,0.138627457,-0.169408735,-0.043110148,0.009127981,0.204116017,0.257648166,0.000269138
1,10,10,80.72739553,0.117707052,-2039.111108,914.5109737,0.114912197,-0.118152593,-0.080473515,0.024477214,0.202871572,0.25530018,0.000382696
1,11,0,67.96191082,0.085985542,-2920.17257,1047.001807,-0.050295278,0.18395386,-0.213838336,0.024248428,0.087356829,0.218206446,0.000117046
1,11,1,70.32848308,0.089900111,-2704.140935,1031.496437,-0.065727481,0.239147747,-0.267175792,0.038376617,0.089671355,0.256429684,0.000338076
1,11,2,69.59830075,0.089630141,-2616.024372,1018.931138,-0.115556735,0.363351228,-0.359770997,0.05500784,0.112701909,0.228785456,0.000673486
1,11,3,69.58074211,0.08882023,-2508.83817,999.9009903,0.04797435,-0.028256986,-0.071338383,-0.003535203,0.126896551,0.21835022,0.00012542
1,11,4,69.34746243,0.089765126,-2427.981103,984.0631956,-0.015297554,0.111928256,-0.165053535,0.0136179,0.148188474,0.181718154,9.61E-05
1,11,5,70.79085106,0.09381468,-2349.490928,969.3792053,0.015704773,0.041330778,-0.119427322,0.012354645,0.161814126,0.16762429,0.000124041
1,11,6,70.97104319,0.095704473,-2230.621844,949.7086448,0.015739521,0.037447126,-0.120375746,0.01914661,0.175855128,0.180069997,0.000176378
1,11,7,72.25519183,0.098809131,-2183.847808,940.2695548,0.069597911,-0.086164613,-0.034331672,0.008519904,0.18247702,0.177058604,0.000125265
1,11,8,69.08003574,0.094624591,-2210.080381,936.1718491,0.075144226,-0.107098676,-0.016005231,0.002173069,0.198288426,0.199771662,6.04E-05
1,11,9,69.53085478,0.095974443,-2238.625867,931.6475943,0.06251057,-0.102972062,-0.002987365,-0.003559909,0.202498933,0.219025469,8.39E-05
1,11,10,81.14948778,0.119596844,-2018.769606,917.7366987,0.099884781,-0.089143945,-0.090511607,0.022388167,0.199207985,0.187983451,0.000312649
1,11,11,82.71580972,0.12472628,-2020.8119,916.8218059,0.069279838,-0.002014695,-0.166685992,0.035364277,0.205401026,0.177773442,0.000537947
1,12,0,68.30142898,0.085445601,-2795.733006,1043.463257,-0.16370418,0.449228977,-0.393818262,0.046022167,0.097709702,0.225160409,0.000370711
1,12,1,70.62263863,0.088955215,-2723.614333,1039.177781,-0.043872715,0.211497398,-0.263566974,0.036884546,0.096778251,0.206732349,0.000162727
1,12,2,69.75603587,0.088010319,-2631.962755,1026.737216,-0.086008268,0.287504992,-0.295582751,0.031008412,0.116467364,0.217263414,0.000175774
1,12,3,69.32836201,0.08882023,-2544.069678,1008.153751,-0.057515779,0.178429759,-0.183326916,0.008584275,0.118487569,0.199377036,0.000101322
1,12,4,69.90381174,0.089630141,-2429.664333,990.6913735,-0.057897072,0.180431284,-0.191955963,0.013957161,0.140887594,0.192948675,0.000150041
1,12,5,69.13266257,0.090575037,-2379.922992,977.477479,0.01050154,0.047710444,-0.12036378,0.015483345,0.15289029,0.160238828,7.21E-05
1,12,6,71.78531979,0.096244413,-2300.28167,959.6365351,-0.018526371,0.115334696,-0.168460603,0.019319522,0.169743646,0.157481549,0.000109047
1,12,7,71.73141479,0.100158983,-2204.546223,946.017635,0.034943497,-0.003393499,-0.093367443,0.012585879,0.180768798,0.175083887,7.18E-05
1,12,8,69.79203954,0.094219636,-2141.30914,933.7327273,0.053306888,-0.047906769,-0.062945533,0.01663206,0.188746704,0.162120763,0.000160003
1,12,9,69.06540626,0.094489606,-2150.230366,929.4139809,0.066855938,-0.104746108,-0.003785922,-0.003853178,0.199673853,0.210390051,4.27E-05
1,12,10,67.67306385,0.095029547,-2189.989104,927.6773904,0.073301661,-0.109460254,-0.014379777,0.006013605,0.202750421,0.199869275,9.13E-05
1,12,11,81.43207837,0.119461859,-2020.015017,918.3120276,0.067720155,-0.014640658,-0.143076011,0.028649732,0.205248179,0.175222343,0.000377608
1,12,12,82.37220155,0.120946696,-1985.716024,913.553038,0.004231569,0.100417898,-0.202627409,0.033756253,0.208903131,0.180062202,0.000257131
1,13,0,69.38781867,0.086390497,-2781.958141,1044.220753,-0.050196995,0.206677374,-0.242124396,0.027454094,0.092655675,0.235967486,0.000113174
1,13,1,69.75254253,0.087200408,-2654.385545,1036.469445,-0.086787195,0.271118355,-0.271825705,0.025735878,0.100690231,0.209988057,0.000112636
1,13,2,70.65419444,0.08936017,-2596.648472,1025.204223,-0.126636382,0.361765237,-0.329416507,0.02690694,0.116786323,0.219238876,0.000116476
1,13,3,69.75237421,0.087740349,-2521.524928,1012.409557,-0.059490165,0.220065071,-0.245135191,0.022831794,0.126282166,0.190177235,0.000112507
1,13,4,69.85864081,0.088550259,-2427.767357,995.5590915,-0.05326024,0.192774709,-0.21798356,0.023540509,0.135690657,0.189830198,0.000105838
1,13,5,69.50827993,0.090035096,-2372.305636,982.2043065,-0.017172382,0.115952846,-0.169319561,0.019808913,0.150983817,0.149388069,0.000101996
1,13,6,69.94881046,0.092194859,-2301.01349,967.5226482,0.019665969,0.010238665,-0.083527461,0.007625231,0.160156662,0.147426949,4.09E-05
1,13,7,72.56305335,0.097459279,-2263.50784,956.6734574,0.010808579,0.043031845,-0.116742639,0.011832932,0.176438062,0.142281554,5.39E-05
1,13,8,71.53361281,0.096379398,-2152.796036,939.9204089,0.02963915,-0.004618782,-0.079631958,0.007156248,0.187674001,0.141864568,2.92E-05
1,13,9,68.78672805,0.092734799,-2143.036806,932.8232422,0.0428691,-0.042024565,-0.052079649,0.006427304,0.194920922,0.162579443,5.07E-05
1,13,10,69.78125632,0.095299517,-2191.226171,931.5114714,0.053408378,-0.074172555,-0.032305561,0.006257005,0.200240805,0.183474224,8.43E-05
1,13,11,81.54397642,0.118651948,-2028.633801,919.7073062,0.092109884,-0.074653766,-0.099726629,0.021065579,0.202948945,0.182100072,0.000299645
1,13,12,82.89014804,0.122296547,-1989.485097,916.5598957,0.029416173,0.041601663,-0.154361332,0.024239434,0.201106895,0.162253043,0.000253133
1,13,13,81.04649221,0.117707052,-1994.174453,913.9292439,0.013686601,0.059667934,-0.153955673,0.023877343,0.20400169,0.17784845,0.000234181
1,14,0,68.80595635,0.084500705,-2725.575695,1040.421938,-0.082077329,0.252740359,-0.247632197,0.016538405,0.094991692,0.213244417,5.31E-05
1,14,1,68.70624794,0.083960764,-2567.657493,1032.335209,-0.055690879,0.22093761,-0.2569513,0.023377482,0.110671816,0.229204338,0.000105864
1,14,2,69.46411182,0.085850556,-2554.103615,1026.190345,-0.056063269,0.21731244,-0.244875109,0.019221151,0.114139167,0.197353147,9.03E-05
1,14,3,69.38200908,0.086660467,-2540.291728,1018.300226,-0.049898774,0.204050489,-0.239674032,0.024912057,0.123915905,0.183637515,0.00010321
1,14,4,70.93222612,0.090575037,-2461.01374,1002.114645,-0.037961703,0.164081598,-0.201115904,0.019464828,0.132872333,0.191719392,7.57E-05
1,14,5,69.7643192,0.08936017,-2387.114347,988.0872701,-0.049177426,0.174709104,-0.196571912,0.018107257,0.146901292,0.144847294,6.43E-05
1,14,6,71.09771885,0.09354471,-2335.856292,974.0387726,0.035419522,0.005363967,-0.104077079,0.012689856,0.158595259,0.141226437,9.26E-05
1,14,7,71.22375879,0.094759576,-2266.509542,959.5845295,0.027465748,0.016674217,-0.108966276,0.015742446,0.172005635,0.13603349,0.000128386
1,14,8,71.57645234,0.096244413,-2185.340521,946.5715971,0.061680891,-0.061596535,-0.057214054,0.011619192,0.177759037,0.122297559,0.000128579
1,14,9,69.73545974,0.09327474,-2130.544074,937.9799872,0.066170792,-0.080235757,-0.037279575,0.012401785,0.185748631,0.136858875,0.000146556
1,14,10,71.03719704,0.096649369,-2093.287846,928.9519131,0.088914635,-0.134388878,-0.007868666,0.004796151,0.19635054,0.152190949,5.53E-05
1,14,11,77.84234394,0.111227765,-2080.203015,926.9851179,0.104716385,-0.112947496,-0.065112606,0.013975202,0.203654158,0.163096779,0.000179775
1,14,12,80.88838098,0.116897141,-2007.813795,919.8667406,0.088357403,-0.073077447,-0.095886504,0.0198583,0.205527485,0.157453527,0.000291836
1,14,13,81.42125376,0.121081681,-1989.302742,915.9300171,0.021276526,0.077761732,-0.197667276,0.036939956,0.207380371,0.166113008,0.000373164
1,14,14,82.92680265,0.121216666,-1969.899367,912.1408061,0.027862154,0.043780432,-0.161193587,0.027031472,0.208706644,0.15431546,0.000213738
1,15,0,68.3434599,0.08490566,-2693.38048,1042.298261,-0.104219491,0.328477543,-0.329137858,0.034230841,0.107983585,0.237022137,0.000148118
1,15,1,68.17745583,0.082610913,-2507.131851,1028.524248,-0.033920142,0.177245116,-0.230949117,0.024799596,0.102412442,0.212209869,0.000152663
1,15,2,68.30658152,0.083555809,-2467.351342,1021.546522,-0.089406875,0.278910905,-0.280312366,0.029680268,0.110377058,0.208537533,0.000141133
1,15,3,69.14704145,0.085850556,-2473.989952,1014.315168,-0.027830334,0.150523691,-0.200231305,0.019166514,0.117514018,0.203938487,0.000107158
1,15,4,69.68276698,0.087875334,-2463.700056,1007.018016,-0.027006052,0.145413125,-0.193810857,0.018316182,0.130388948,0.16291733,6.96E-05
1,15,5,70.44031481,0.089900111,-2402.229537,992.2007367,0.004545062,0.080006273,-0.156669371,0.017640389,0.139901616,0.150231818,0.00012614
1,15,6,70.35185901,0.090979992,-2334.281242,977.777168,0.029981122,0.028455839,-0.131858329,0.019340125,0.158411227,0.144046194,0.000147654
1,15,7,71.80479885,0.094894562,-2278.224946,965.7577244,0.006509623,0.062345263,-0.136364178,0.019097759,0.162827916,0.134938593,0.000149284
1,15,8,73.60470957,0.099079101,-2202.045085,952.4523929,0.002285603,0.083087776,-0.161948802,0.024986046,0.176537186,0.125425541,0.000195607
1,15,9,70.11670077,0.09354471,-2174.015076,945.3429155,0.017338514,0.025248409,-0.102761296,0.013331825,0.187357507,0.1383061,6.60E-05
1,15,10,68.58720935,0.091924888,-2145.994743,937.2048749,0.088910209,-0.137809917,0.006273945,0.001774625,0.190699903,0.135420007,8.24E-05
1,15,11,69.95542016,0.094624591,-2198.683409,935.9928606,0.046971891,-0.038213239,-0.068301072,0.011620272,0.202885159,0.163492859,7.75E-05
1,15,12,81.23707562,0.117842037,-2033.571179,921.7892217,0.118472034,-0.135461274,-0.056491821,0.012258909,0.201400543,0.137458923,0.000267111
1,15,13,82.14734978,0.119461859,-2000.588862,918.1709418,0.033207195,0.03179673,-0.149900173,0.026640052,0.199881205,0.151208718,0.000297216
1,15,14,82.09361685,0.119596844,-1966.72836,913.9696554,-0.011413164,0.12557244,-0.210031217,0.037233989,0.203323616,0.151151789,0.000334492
1,16,0,69.2128884,0.085445601,-2635.784611,1039.268779,-0.100499699,0.314821557,-0.312027932,0.027778774,0.107940666,0.243793905,0.00010276
1,16,1,70.16213205,0.086390497,-2538.421603,1030.932691,-0.064031657,0.244578843,-0.276971519,0.032533399,0.101731511,0.23775849,0.000157597
1,16,2,69.51604768,0.085445601,-2515.454643,1025.574438,-0.087906067,0.287976,-0.296603647,0.033430266,0.10862562,0.214122946,0.000155199
1,16,3,69.58067615,0.085850556,-2483.472773,1018.58718,-0.043806242,0.181662503,-0.216049216,0.016012942,0.121033579,0.196298573,4.33E-05
1,16,4,69.76729138,0.087740349,-2450.882409,1008.098271,-0.050979601,0.209580629,-0.24750237,0.022635148,0.138246206,0.186389016,0.000108068
1,16,5,69.96332561,0.088280289,-2355.754925,991.7996146,-0.029861927,0.142744724,-0.183841089,0.016880155,0.137614059,0.169247531,8.82E-05
1,16,6,69.92624775,0.089495156,-2346.359059,984.3879198,-0.008473407,0.106002976,-0.170736357,0.018318844,0.154051521,0.139394022,9.77E-05
1,16,7,71.92389397,0.094624591,-2285.651821,969.5032195,-0.016690858,0.113687786,-0.168692758,0.018481203,0.162311512,0.137745868,8.39E-05
1,16,8,71.83168494,0.096784354,-2227.849932,958.0552301,0.031263346,0.006858294,-0.10016973,0.008970457,0.174445203,0.12372032,5.59E-05
1,16,9,71.28717388,0.095029547,-2187.953667,949.1686313,0.018812475,0.027136016,-0.107403215,0.009801235,0.184695206,0.121788969,4.38E-05
1,16,10,69.93677511,0.09327474,-2148.230968,940.5799234,0.038050721,-0.014115839,-0.083627787,0.012527207,0.190678961,0.133953341,0.00010629
1,16,11,70.42595211,0.095029547,-2149.627884,935.1931372,0.078293045,-0.11632658,-0.010039602,0.002635686,0.19475829,0.142810786,7.56E-05
1,16,12,78.27036114,0.11109278,-2050.778224,925.685626,0.060948945,-0.024135832,-0.118046545,0.023504512,0.199279567,0.132445614,0.000223653
1,16,13,79.39014539,0.112847587,-1999.675171,916.0454829,0.099269665,-0.112965824,-0.05262886,0.0080379,0.203482465,0.121939774,0.000185504
1,17,0,69.46827489,0.085445601,-2627.947316,1039.668127,-0.123260184,0.367691416,-0.350230604,0.034977593,0.108741959,0.234726718,0.000154226
1,17,1,69.85487017,0.085175631,-2532.902519,1033.601698,-0.065295221,0.247147236,-0.27378369,0.022873338,0.108580725,0.211309641,0.00010035
1,17,2,69.92203859,0.085445601,-2526.161796,1029.050279,-0.113835853,0.332608646,-0.312125185,0.027038116,0.113467612,0.203190631,0.000125222
1,17,3,70.23345711,0.087200408,-2480.755804,1019.763057,-0.072704469,0.263714684,-0.289382992,0.032021771,0.122778,0.203398601,0.000167317
1,17,4,71.0961782,0.089495156,-2488.378611,1013.718047,-0.048306113,0.200708203,-0.237897599,0.02083789,0.130066891,0.176427254,0.00011852
1,17,5,69.0676761,0.086930438,-2408.43347,999.7360485,-0.046126237,0.182695659,-0.220161602,0.023031747,0.141754783,0.163197483,0.00011874
1,17,6,70.36515391,0.090575037,-2367.291211,988.4524726,-0.01450325,0.113950657,-0.174544342,0.018859931,0.148529092,0.146812683,0.000112529
1,17,7,70.0715953,0.090170081,-2271.434075,971.9551579,0.017912048,0.029209188,-0.107488321,0.011865495,0.15436136,0.138882611,0.000104042
1,17,8,72.0981524,0.094894562,-2240.599694,963.5849029,-0.002383381,0.082242293,-0.15130204,0.018002623,0.171310037,0.11130403,0.000101518
1,17,9,72.93797579,0.09799922,-2193.440385,953.9116262,0.013094716,0.041177548,-0.11970523,0.013428559,0.176472649,0.109510687,5.74E-05
1,17,10,71.24811804,0.095434502,-2157.590572,946.159207,0.057182603,-0.061310319,-0.048104833,0.004903578,0.184530143,0.11390638,4.77E-05
1,17,11,68.95766285,0.092599814,-2131.956116,936.7797294,0.04530985,-0.043500336,-0.056949291,0.011100533,0.190315759,0.142866409,6.67E-05
1,17,12,71.11912459,0.096379398,-2112.746313,932.8869273,0.063758609,-0.079542724,-0.038607786,0.004791798,0.199689208,0.137531437,6.26E-05
1,18,0,68.65033177,0.083150853,-2597.914115,1040.052792,-0.092767934,0.301563832,-0.307604781,0.027236767,0.113561668,0.214914051,0.000102199
1,18,1,68.96855227,0.083960764,-2484.63236,1032.199464,-0.064096615,0.251614456,-0.285497047,0.029639879,0.1111557,0.226271975,0.000133183
1,18,2,70.94631486,0.088010319,-2508.947886,1029.578932,-0.089731267,0.285785952,-0.289806747,0.022705082,0.116237932,0.23063201,6.47E-05
1,18,3,70.3501957,0.087065423,-2451.397453,1019.635295,-0.036486775,0.186803841,-0.240420076,0.024731626,0.120580678,0.216456468,0.0001366
1,18,4,70.62387224,0.088550259,-2470.292694,1015.259147,-0.090409317,0.29027552,-0.294580161,0.02663444,0.132507582,0.176551305,9.68E-05
1,18,5,69.24306137,0.086795453,-2379.400574,999.6600642,0.0018101,0.079050533,-0.150895665,0.014070227,0.133072566,0.168735397,6.72E-05
1,18,6,70.67645502,0.089630141,-2344.59801,990.3113749,-0.052865705,0.198510257,-0.223110114,0.018354538,0.150231258,0.151194312,5.62E-05
1,18,7,71.38861277,0.092734799,-2292.983548,978.018368,-0.041145948,0.16858657,-0.208443035,0.022472792,0.157930715,0.143227019,9.60E-05
1,18,8,70.95774066,0.092599814,-2281.522611,971.7129255,0.002300637,0.071086052,-0.140741714,0.012412215,0.168958191,0.107274041,7.64E-05
1,18,9,72.73158904,0.096649369,-2235.218643,958.5716286,-0.009240593,0.105231573,-0.173490784,0.020732916,0.180027531,0.105451835,0.000102861
1,18,10,71.95907185,0.096109428,-2180.581317,950.1996008,0.038560077,-0.011707804,-0.09029504,0.013259544,0.181963157,0.112580675,0.000114881
1,18,11,68.83003272,0.090979992,-2122.004333,940.5528006,0.058827572,-0.06362576,-0.047600813,0.007519112,0.188559191,0.098154247,8.57E-05
1,19,0,69.80478702,0.085175631,-2578.806869,1039.024086,-0.077788474,0.277543281,-0.298152957,0.026609579,0.109096052,0.234856338,0.000108363
1,19,1,70.11205201,0.085040646,-2523.1814,1034.218714,-0.081027888,0.286876216,-0.309296861,0.031982514,0.111966137,0.217007145,0.000130912
1,19,2,70.88026853,0.087200408,-2537.03572,1032.896571,-0.098884187,0.306397048,-0.300855834,0.023657407,0.11444388,0.205982721,7.57E-05
1,19,3,70.06981373,0.085850556,-2484.51017,1023.986117,-0.072571533,0.250040024,-0.269512072,0.02353844,0.123829054,0.198025946,7.51E-05
1,19,4,70.24831054,0.087065423,-2460.613781,1016.14099,-0.057702386,0.210741648,-0.239210185,0.021895692,0.127693778,0.18748767,8.72E-05
1,19,5,69.81059681,0.087605363,-2386.912394,1003.712777,-0.035755093,0.163292864,-0.205302281,0.018704287,0.133601925,0.170341929,6.73E-05
1,19,6,70.52267255,0.089765126,-2351.065085,993.6360055,-0.054601391,0.206118351,-0.238080595,0.023375787,0.14795427,0.159915015,9.03E-05
1,19,7,69.71610382,0.089765126,-2320.84329,982.5585047,-0.0165776,0.129844162,-0.194403643,0.021462598,0.156801319,0.141815046,0.000123525
1,19,8,70.36170042,0.091114977,-2263.882832,971.9623627,-0.007228095,0.097768376,-0.162687366,0.019487076,0.161352545,0.127604879,0.000126365
1,19,9,72.59363707,0.096379398,-2246.70216,964.5614759,-0.00535263,0.097629258,-0.168338757,0.021421196,0.170928137,0.108449386,0.000144897
1,19,10,71.73818644,0.095569487,-2207.823804,956.7444239,0.030143132,0.002294219,-0.094519188,0.011040207,0.177463953,0.103904882,6.03E-05
1,20,0,69.88626432,0.085715571,-2570.783734,1039.368478,-0.108083007,0.338394049,-0.336652135,0.035034851,0.111086649,0.228227034,0.000170758
1,20,1,70.81352979,0.086255512,-2526.018571,1034.514451,-0.076362627,0.265896354,-0.285753831,0.028371138,0.106605127,0.221351671,0.00013144
1,20,2,70.97873653,0.087065423,-2530.330638,1032.52742,-0.099626384,0.318112375,-0.320082486,0.030912845,0.115197869,0.196435839,0.000125172
1,20,3,69.27800574,0.08463569,-2427.590858,1020.601312,-0.062213103,0.226022859,-0.253463565,0.021359887,0.12203135,0.213916687,7.51E-05
1,20,4,69.78129109,0.085985542,-2415.427215,1014.211728,-0.036972846,0.170488665,-0.217213825,0.020466528,0.125973983,0.191995341,6.97E-05
1,20,5,69.51796511,0.086795453,-2435.355688,1010.095813,-0.06164936,0.238622874,-0.274885968,0.030228901,0.141103424,0.165168643,0.000178635
1,20,6,70.41190531,0.089225185,-2360.764875,996.9462226,-0.038795004,0.169672773,-0.209002437,0.017714401,0.142388745,0.158301369,5.88E-05
1,20,7,70.69951935,0.090710022,-2304.346101,984.097368,0.005716197,0.067941608,-0.142343111,0.012502202,0.148048108,0.15504253,6.37E-05
1,20,8,71.97539006,0.093949666,-2305.130936,978.1602423,-0.021630681,0.124158477,-0.178643367,0.019744191,0.1580494,0.125096162,9.50E-05
1,21,0,69.2350731,0.084095749,-2547.319907,1037.918698,-0.084574156,0.291087178,-0.311295885,0.031449376,0.113644109,0.237074179,0.000130712
1,21,1,69.91770974,0.085175631,-2468.884962,1032.392182,-0.106255321,0.343129394,-0.346874307,0.038249677,0.112886242,0.227285493,0.000177462
1,21,2,70.77620399,0.086255512,-2480.337009,1027.157709,-0.097233876,0.316230034,-0.320055335,0.031620111,0.11270746,0.228213709,0.000137262
1,21,3,70.01938132,0.085580586,-2466.724209,1023.897758,-0.074388614,0.273287063,-0.299309829,0.029511303,0.122969308,0.204478936,0.000130153
1,21,4,70.13182317,0.086390497,-2398.43501,1013.438607,-0.057078424,0.229365735,-0.266047246,0.031161297,0.121112815,0.204755694,0.000169371
1,21,5,70.17953905,0.087740349,-2377.91816,1005.398131,-0.041142225,0.180614985,-0.223322094,0.021061999,0.131182828,0.194909873,9.34E-05
1,21,6,71.25703261,0.090035096,-2398.949563,1001.113288,-0.075267501,0.263110996,-0.284237477,0.031465589,0.141916399,0.164770384,0.000144442
1,21,7,71.35330477,0.090979992,-2352.80644,991.3658011,-0.070157347,0.236839202,-0.253317365,0.023135607,0.153580457,0.145278759,9.26E-05
1,22,0,69.24277769,0.083690794,-2567.848847,1039.487493,-0.104037291,0.3339792,-0.336236335,0.031946737,0.115789193,0.211947195,0.000123137
1,22,1,70.09460103,0.08490566,-2500.909501,1034.039888,-0.081034556,0.281419253,-0.301112927,0.031532509,0.109172727,0.210400605,0.000135765
1,22,2,70.18019795,0.085445601,-2482.34843,1031.390178,-0.104924023,0.33756034,-0.33793707,0.031704048,0.118791281,0.21417246,0.000111326
1,22,3,70.92876236,0.087200408,-2475.013722,1025.389125,-0.100592521,0.326199512,-0.33119396,0.034671099,0.120784731,0.221523365,0.000158234
1,22,4,69.60109509,0.085445601,-2408.792916,1016.257352,-0.079088387,0.256711768,-0.267075606,0.023417947,0.124236857,0.198842088,9.04E-05
1,22,5,70.42795744,0.087470378,-2384.445738,1008.523873,-0.101937327,0.310838663,-0.302805508,0.02571516,0.135549888,0.180060062,0.000107407
1,22,6,69.26664385,0.085985542,-2332.697062,997.7134954,-0.047099502,0.192369655,-0.231079531,0.026445814,0.135909621,0.169195404,0.000129659
1,23,0,68.68068823,0.082340942,-2515.606256,1034.673505,-0.130821655,0.386417877,-0.366496895,0.033762974,0.117944198,0.219980567,0.000142865
1,23,1,69.86681602,0.084500705,-2446.284904,1029.967151,-0.07344533,0.264465583,-0.28854401,0.028521093,0.108540986,0.217711839,0.000138129
1,23,2,69.96561175,0.085445601,-2429.579958,1027.631275,-0.086022689,0.29144717,-0.307486834,0.033048051,0.114133788,0.230073552,0.000162259
1,23,3,70.72461024,0.086525482,-2458.504984,1024.324038,-0.031536509,0.179266493,-0.237115025,0.023967417,0.114250144,0.220461792,0.000126586
1,23,4,69.6441068,0.085310616,-2416.644436,1018.599436,-0.063619474,0.228038017,-0.250500142,0.019411016,0.122681753,0.198589244,5.65E-05
1,24,0,69.34287193,0.083285839,-2529.966068,1035.896789,-0.090138876,0.303764903,-0.317189631,0.03104666,0.113114627,0.216322377,0.00012184
1,24,1,70.70774589,0.085985542,-2478.364332,1032.821616,-0.05533892,0.231265836,-0.270947603,0.026990893,0.108478281,0.222491789,0.000154148
1,24,2,70.20595077,0.08490566,-2451.083776,1028.024912,-0.094996653,0.304428,-0.309083394,0.029942798,0.113060815,0.220745106,0.000122327
1,25,0,70.08558589,0.084770675,-2530.395526,1036.529237,-0.087705327,0.28862159,-0.295581526,0.020415967,0.113065358,0.219991139,6.69E-05
1,25,1,70.3380424,0.085175631,-2433.514375,1028.271946,-0.077086308,0.272272958,-0.295135762,0.029501266,0.110364419,0.248886491,0.000140368
